"","canonisation_score","ID"
"1",0.0520374856859669,"A_BELEAGUERED_CITY_noWikiID"
"2",0.158330619297716,"A_CHILD_OF_THE_JAGO_Q4655860"
"3",0.374053924716987,"A_CHRISTMAS_CAROL_Q62879"
"4",0.117501066676145,"A_COMPLETE_COLLECTION_OF_GENTEEL_AND_INGENIOUS_CONVERSATION_Q4656050"
"5",0.11291791638611,"A_CRYSTAL_AGE_Q4656205"
"6",0.049863479389024,"A_DARK_NIGHT'S_WORK_Q16385401"
"7",0.207211382680442,"A_DRAMA_IN_MUSLIN_noWikiID"
"8",0.117501066676145,"A_DREAM_OF_JOHN_BALL_noWikiID"
"9",0.122244604531682,"A_HOLIDAY_ROMANCE_noWikiID"
"10",0.0477757206414661,"A_HOUSE_TO_LET_Q4657430"
"11",0.374053924716987,"A_JOURNAL_OF_THE_PLAGUE_YEAR_Q1215399"
"12",0.11291791638611,"A_JOURNEY_FROM_THIS_WORLD_TO_THE_NEXT_noWikiID"
"13",0.117501066676145,"A_LADY'S_LIFE_IN_THE_ROCKY_MOUNTAINS_noWikiID"
"14",0.122244604531682,"A_LAODICEAN_Q2105252"
"15",0.11291791638611,"A_LEGEND_OF_MONTROSE_Q3549611"
"16",0.117501066676145,"A_LITTLE_PRINCESS_Q10483376"
"17",0.11291791638611,"A_MERE_ACCIDENT_noWikiID"
"18",0.122244604531682,"A_MODERN_UTOPIA_Q1249074"
"19",0.172694745758032,"A_MODEST_PROPOSAL_Q264143"
"20",0.332981899154278,"A_PAIR_OF_BLUE_EYES_Q2931240"
"21",0.137472234822425,"A_PATCH-WORK_SCREEN_FOR_THE_LADIES_noWikiID"
"22",0.122244604531682,"A_POLITICAL_ROMANCE_Q4658949"
"23",0.11291791638611,"A_RIDE_ACROSS_PALESTINE_noWikiID"
"24",0.049863479389024,"A_ROMANCE_OF_TWO_WORLDS_Q4659270"
"25",0.117501066676145,"A_ROOM_WITH_A_VIEW_Q120288"
"26",0.185923994154683,"A_SENTIMENTAL_JOURNEY_THROUGH_FRANCE_AND_ITALY_Q768792"
"27",0.190637850864638,"A_SICILIAN_ROMANCE_Q979649"
"28",0.177146178958168,"A_SIMPLE_STORY_Q4659531"
"29",0.049863479389024,"A_SON_OF_THE_SOIL_Q106040512"
"30",0.11291791638611,"A_SPORTSMAN'S_SKETCHES_noWikiID"
"31",0.11291791638611,"A_STORY_OF_THE_STONE_AGE_Q4659835"
"32",0.353247063375283,"A_STUDY_IN_SCARLET_Q223131"
"33",0.46129393099787,"A_TALE_OF_A_TUB_Q2353123"
"34",0.517417033796863,"A_TALE_OF_TWO_CITIES_Q308918"
"35",0.11291791638611,"A_WINDOW_IN_THRUMS_noWikiID"
"36",0.049863479389024,"A_WORLD_OF_GIRLS_noWikiID"
"37",0.0477757206414661,"ACROSS_THE_ZODIAC_Q4676516"
"38",0.117501066676145,"ACTIONS_AND_REACTIONS_noWikiID"
"39",0.733799591996489,"ADAM_BEDE_Q2611046"
"40",0.11291791638611,"ADELA_CATHCART_noWikiID"
"41",0.0520374856859669,"ADELINE_MOWBRAY_Q65083334"
"42",0.0477757206414661,"ADVENTURES_OF_A_PINCUSHION_noWikiID"
"43",0.132226821715085,"AFTER_DARK_noWikiID"
"44",0.11291791638611,"AFTER_LONDON;_OR,_WILD_ENGLAND_noWikiID"
"45",0.325982643945805,"AGNES_GREY_Q517172"
"46",0.11291791638611,"ALEC_FORBES_OF_HOWGLEN_noWikiID"
"47",0.384640372733741,"ALICE'S_ADVENTURES_IN_WONDERLAND_Q92640"
"48",0.0520374856859669,"ALL_SORTS_AND_CONDITIONS_OF_MEN_noWikiID"
"49",0.142891468333576,"ALLAN_QUATERMAIN_(NOVEL)_Q4062545"
"50",0.122244604531682,"ALMAYER'S_FOLLY_Q2404359"
"51",0.148487553986026,"ALTON_LOCKE_Q4736895"
"52",0.11291791638611,"AMY_FOSTER_Q4749187"
"53",0.137472234822425,"AN_APOLOGY_FOR_THE_LIFE_OF_MRS._SHAMELA_ANDREWS_Q2743569"
"54",0.0543008598413405,"AN_IRISH_COUSIN_noWikiID"
"55",0.11291791638611,"AN_OUTCAST_OF_THE_ISLANDS_Q1090444"
"56",0.160221548263055,"ANN_VERONICA_Q1247736"
"57",0.122244604531682,"ANNA_ST_IVES_noWikiID"
"58",0.172694745758032,"ANNALS_OF_THE_PARISH_Q4767877"
"59",0.0477757206414661,"ANTAR_noWikiID"
"60",0.395337204568379,"ARMADALE_Q4792516"
"61",0.0477757206414661,"ARTHUR_MERVYN_Q4799713"
"62",0.137472234822425,"AT_THE_BACK_OF_THE_NORTH_WIND_Q1619593"
"63",0.117501066676145,"AT_THE_END_OF_THE_PASSAGE_noWikiID"
"64",0.117501066676145,"AULD_LICHT_IDYLLS_noWikiID"
"65",0.316181109886472,"AURORA_FLOYD_Q4822530"
"66",0.142891468333576,"AYESHA_(NOVEL)_Q2604590"
"67",0.30372380755444,"BARCHESTER_TOWERS_Q4859885"
"68",0.294299317623214,"BASIL_noWikiID"
"69",0.384640372733741,"BELINDA_noWikiID"
"70",0.363586690277014,"BLACK_BEAUTY_Q880092"
"71",0.958008839727505,"BLEAK_HOUSE_Q883305"
"72",0.11291791638611,"BLIND_LOVE_noWikiID"
"73",0.11291791638611,"BORN_IN_EXILE_Q4945890"
"74",0.049863479389024,"BROKEN_TO_HARNESS_noWikiID"
"75",0.616422785736394,"CALEB_WILLIAMS_Q7784409"
"76",0.11291791638611,"CALLISTA_(NOVEL)_Q2934238"
"77",0.550971056761127,"CAMILLA_Q2934813"
"78",0.122244604531682,"CAPTAIN_SINGLETON_Q1728631"
"79",0.0477757206414661,"CAPTAINS_COURAGEOUS_Q1035138"
"80",0.137472234822425,"CARMILLA_Q1043792"
"81",0.11291791638611,"CARNIVAL_noWikiID"
"82",0.0477757206414661,"CARROTS_noWikiID"
"83",0.86626658311391,"CASTLE_RACKRENT_Q5050238"
"84",0.117501066676145,"CASTLE_RICHMOND_Q5050241"
"85",0.11291791638611,"CATHERINE,_A_STORY_noWikiID"
"86",0.11291791638611,"CATRIONA_noWikiID"
"87",0.177146178958168,"CECILIA_Q3233990"
"88",0.11291791638611,"CELESTINA_Q583705"
"89",0.117501066676145,"CELIBATES_noWikiID"
"90",0.294299317623214,"CHANCE_Q793748"
"91",0.0477757206414661,"CHARLOTTE_TEMPLE_noWikiID"
"92",0.0520374856859669,"CHILDREN_OF_THE_GHETTO_noWikiID"
"93",0.142891468333576,"CHRONICLES_OF_THE_CANONGATE_Q17352486"
"94",0.0477757206414661,"CITY_SCENES_noWikiID"
"95",0.965599150597217,"CLARISSA_Q980534"
"96",0.0477757206414661,"CLEG_KELLY_noWikiID"
"97",0.11291791638611,"COCK_AND_ANCHOR_noWikiID"
"98",0.0699415703280632,"COELEBS_IN_SEARCH_OF_A_WIFE_Q5140605"
"99",0.0520374856859669,"COMETH_UP_AS_A_FLOWER_Q19571321"
"100",0.0566567958260902,"CONFESSIONS_OF_A_THUG_(NOVEL)_Q5160036"
"101",0.137472234822425,"CONFESSIONS_OF_A_YOUNG_MAN_Q5160039"
"102",0.353247063375283,"CONFESSIONS_OF_AN_ENGLISH_OPIUM-EATER_Q1610128"
"103",0.122244604531682,"CONINGSBY_Q5161083"
"104",0.0566567958260902,"CORAL_ISLAND_Q4232653"
"105",0.117501066676145,"COUNT_ROBERT_OF_PARIS_noWikiID"
"106",0.135806373618849,"COUSIN_PHILLIS_noWikiID"
"107",0.227753497177042,"CRANFORD_(NOVEL)_Q265100"
"108",0.0477757206414661,"CROTCHET_CASTLE_Q5188976"
"109",0.69722573995813,"DANIEL_DERONDA_Q552238"
"110",0.0477757206414661,"DAUGHTERS_OF_MEN_noWikiID"
"111",0.46129393099787,"DAVID_COPPERFIELD_Q189811"
"112",0.117501066676145,"DAVID_ELGINBROD_Q5233331"
"113",0.154263355437284,"DE_PROFUNDIS_(LETTER)_Q1249459"
"114",0.117501066676145,"DEERBROOK_noWikiID"
"115",0.0543008598413405,"DEMOS_noWikiID"
"116",0.30372380755444,"DESPERATE_REMEDIES_Q2846293"
"117",0.11291791638611,"DIANA_OF_THE_CROSSWAYS_Q5271362"
"118",0.0543008598413405,"DISCIPLINE_noWikiID"
"119",0.294299317623214,"DOCTOR_THORNE_noWikiID"
"120",0.594948283367066,"DOMBEY_AND_SON_Q963659"
"121",0.790633780314419,"DR_JEKYLL_AND_MR_HYDE_Q217352"
"122",0.964677124546833,"DRACULA_Q41542"
"123",0.0477757206414661,"DREAMERS_OF_THE_GHETTO_noWikiID"
"124",0.797979883708377,"DUBLINERS_Q459592"
"125",0.498261873505709,"EAST_LYNNE_Q5328900"
"126",0.677911265542429,"EMMA_(NOVEL)_Q223880"
"127",0.049863479389024,"EMMA_OR_THE_UNFORTUNATE_ATTACHMENT_noWikiID"
"128",0.137472234822425,"EMMELINE_Q5373421"
"129",0.117501066676145,"ENNUI_Q117149111"
"130",0.0699415703280632,"EREWHON_Q1350048"
"131",0.0477757206414661,"EREWHON_REVISITED_Q5385740"
"132",0.0543008598413405,"ERIC_OR_LITTLE_BY_LITTLE_Q5385958"
"133",0.0477757206414661,"ESTHER_noWikiID"
"134",0.285047546124646,"ESTHER_WATERS_Q5401319"
"135",0.0477757206414661,"EUGENE_ARAM_(NOVEL)_Q16385636"
"136",0.57979506909561,"EVELINA_Q1635110"
"137",0.0543008598413405,"EVENINGS_AT_HOME_Q5416654"
"138",0.11291791638611,"EXILUS_noWikiID"
"139",0.049863479389024,"FANNY_HILL_Q1395765"
"140",0.11291791638611,"FANTOMINA_Q5434405"
"141",0.323070787610778,"FAR_FROM_THE_MADDING_CROWD_Q5642996"
"142",0.0543008598413405,"FARDOROUGHA_THE_MISER_noWikiID"
"143",0.154263355437284,"FELIX_HOLT_THE_RADICAL_Q5442230"
"144",0.0477757206414661,"FIVE_CHILDREN_AND_IT_noWikiID"
"145",0.141170686071351,"FLATLAND_noWikiID"
"146",0.0477757206414661,"FOR_THE_TERM_OF_HIS_NATURAL_LIFE_noWikiID"
"147",0.11291791638611,"FORTUNATE_FOUNDLINGS_noWikiID"
"148",0.985957888404111,"FRANKENSTEIN_Q150827"
"149",0.0477757206414661,"GHETTO_TRAGEDIES_noWikiID"
"150",0.0566567958260902,"GLENARVON_Q3771960"
"151",0.0477757206414661,"GOING_TO_MAYNOOTH_noWikiID"
"152",0.117501066676145,"GRANNY'S_WONDERFUL_CHAIR_noWikiID"
"153",0.706633180000831,"GREAT_EXPECTATIONS_Q219552"
"154",0.971587266152791,"GULLIVER'S_TRAVELS_Q181488"
"155",0.172694745758032,"GUY_MANNERING_Q2288976"
"156",0.0477757206414661,"HALF_A_LIFE-TIME_AGO_noWikiID"
"157",0.0566567958260902,"HARD_CASH_(NOVEL)_Q30314349"
"158",0.706633180000831,"HARD_TIMES_(NOVEL)_Q1340493"
"159",0.11291791638611,"HARRINGTON_noWikiID"
"160",0.049863479389024,"HAUNTINGS_noWikiID"
"161",0.353247063375283,"HE_KNEW_HE_WAS_RIGHT_noWikiID"
"162",0.049863479389024,"HEADLONG_HALL_Q5689829"
"163",0.127152048513252,"HEART_AND_SCIENCE_noWikiID"
"164",0.75930721969968,"HEART_OF_DARKNESS_Q129778"
"165",0.0477757206414661,"HELBECK_OF_BANNISDALE_Q19572074"
"166",0.11291791638611,"HELEN_noWikiID"
"167",0.0477757206414661,"HENRY_DUNBAR_noWikiID"
"168",0.122244604531682,"HEREWARD_THE_WAKE_(NOVEL)_Q5738318"
"169",0.0477757206414661,"HERMSPRONG_Q5742104"
"170",0.135806373618849,"HESTER_noWikiID"
"171",0.285047546124646,"HIDE_AND_SEEK_noWikiID"
"172",0.11291791638611,"HISTORY_OF_JOHN_BULL_noWikiID"
"173",0.0566567958260902,"HOLIDAY_HOUSE_noWikiID"
"174",0.16636459934805,"HOWARDS_END_Q1146642"
"175",0.0543008598413405,"HYMNS_IN_PROSE_FOR_CHILDREN_Q9005648"
"176",0.127152048513252,"IMAGINARY_PORTRAITS_noWikiID"
"177",0.117501066676145,"IMPRESSIONS_OF_THEOPHRASTUS_SUCH_Q6007633"
"178",0.30372380755444,"IN_A_GLASS_DARKLY_Q6011356"
"179",0.117501066676145,"IN_THE_YEAR_OF_JUBILEE_Q19572195"
"180",0.0616594855735503,"IT_IS_NEVER_TOO_LATE_TO_MEND_(NOVEL)_Q6091852"
"181",0.706633180000831,"IVANHOE_Q840974"
"182",0.049863479389024,"JACK_SHEPPARD_noWikiID"
"183",0.993700367636865,"JANE_EYRE_Q182961"
"184",0.0591085593605752,"JESSICA'S_FIRST_PRAYER_noWikiID"
"185",0.285047546124646,"JEZEBEL'S_DAUGHTER_noWikiID"
"186",0.11291791638611,"JOHN_BURNET_OF_BARNS_noWikiID"
"187",0.132226821715085,"JOHN_HALIFAX_GENTLEMAN_Q6237289"
"188",0.30372380755444,"JONATHAN_WILD_noWikiID"
"189",0.117501066676145,"JORROCK'S_JAUNTS_AND_JOLLITIES_noWikiID"
"190",0.294299317623214,"JOSEPH_ANDREWS_Q784226"
"191",0.573104135313384,"JUDE_THE_OBSCURE_Q1248773"
"192",0.294299317623214,"JUST_SO_STORIES_Q1247723"
"193",0.117501066676145,"KENILWORTH_Q2600597"
"194",0.384640372733741,"KIDNAPPED_(NOVEL)_Q2349094"
"195",0.68764997588443,"KIM_(NOVEL)_Q589868"
"196",0.406135180117558,"KING_SOLOMON'S_MINES_Q1137494"
"197",0.142891468333576,"KIPPS_Q1249082"
"198",0.0643129761992644,"KNOCKNAGOW_noWikiID"
"199",0.769791600120154,"LADY_AUDLEY'S_SECRET_Q2738351"
"200",0.0477757206414661,"LEVER'S_LORD_KILGOBBIN_noWikiID"
"201",0.117501066676145,"LIBER_AMORIS_noWikiID"
"202",0.0477757206414661,"LIFE_AND_ADVENTURES_OF_PETER_WILKINS_noWikiID"
"203",0.049863479389024,"LIFE_AND_PERAMBULATIONS_OF_A_MOUSE_noWikiID"
"204",0.11291791638611,"LIFE'S_LITTLE_IRONIES_noWikiID"
"205",0.122244604531682,"LILITH_noWikiID"
"206",0.677911265542429,"LITTLE_DORRIT_Q565638"
"207",0.122244604531682,"LITTLE_LORD_FAUNTLEROY_Q387480"
"208",0.0520374856859669,"LONGSWORD_(NOVEL)_Q104859091"
"209",0.313316107488017,"LORD_JIM_Q727408"
"210",0.135806373618849,"LORNA_DOONE_Q3400981"
"211",0.122244604531682,"LOSS_AND_GAIN_Q3259809"
"212",0.0477757206414661,"LOST_DIARIES_noWikiID"
"213",0.049863479389024,"LOVE_AMONG_THE_RUINS_noWikiID"
"214",0.0477757206414661,"LOVE_AND_MADNESS_Q6691643"
"215",0.117501066676145,"LOVE_AND_MR_LEWISHAM_Q4271834"
"216",0.23024672621441,"LOVE_IN_EXCESS;_OR_THE_FATAL_ENQUIRY_Q1588738"
"217",0.127152048513252,"LOVE_INTRIGUES_noWikiID"
"218",0.11291791638611,"MADAM_HOW_AND_LADY_WHY_noWikiID"
"219",0.313316107488017,"MAN_AND_WIFE_(NOVEL)_Q16386863"
"220",0.637452560360192,"MANSFIELD_PARK_Q469690"
"221",0.616422785736394,"MARIA_OR_THE_WRONGS_OF_WOMAN_Q890170"
"222",0.148487553986026,"MARIUS_THE_EPICUREAN_Q5477441"
"223",0.0543008598413405,"MARRIAGE_noWikiID"
"224",0.395337204568379,"MARTIN_CHUZZLEWIT_Q1903609"
"225",0.132226821715085,"MARY_A_FICTION_Q2900963"
"226",0.619558723877394,"MARY_BARTON_Q2607078"
"227",0.0477757206414661,"MASTERMAN_READY_OR_THE_WRECK_OF_THE_PACIFIC_Q6785376"
"228",0.0477757206414661,"MATHILDA_Q3851863"
"229",0.0477757206414661,"MAX_noWikiID"
"230",0.0477757206414661,"MAZEPPA_noWikiID"
"231",0.356287748913087,"MELMOTH_THE_WANDERER_Q1475956"
"232",0.137472234822425,"MEMOIRS_OF_A_CAVALIER_Q6815274"
"233",0.0520374856859669,"MEMOIRS_OF_A_MAGDALEN_Q6815279"
"234",0.11291791638611,"MEMOIRS_OF_CARWIN_THE_BILOQUIST_Q6815263"
"235",0.197672587097148,"MEMOIRS_OF_EMMA_COURTNEY_Q2395365"
"236",0.117501066676145,"MICAH_CLARKE_Q3050442"
"237",0.976152943083648,"MIDDLEMARCH_Q313129"
"238",0.0520374856859669,"MILLENIUM_HALL_Q6858753"
"239",0.605736576985184,"MOLL_FLANDERS_Q612523"
"240",0.0477757206414661,"MOPSA_THE_FAIRY_noWikiID"
"241",0.132226821715085,"MORAL_TALES_noWikiID"
"242",0.0477757206414661,"MR_MIDSHIPMAN_EASY_Q1936382"
"243",0.0477757206414661,"MY_KALULU_PRINCE,_KING,_AND_SLAVE_noWikiID"
"244",0.0477757206414661,"MY_LADY_LUDLOW_Q16387198"
"245",0.0477757206414661,"MY_NEW_CURATE_noWikiID"
"246",0.0543008598413405,"NATURE_AND_ART_Q48770862"
"247",0.11291791638611,"NEW_ARABIAN_NIGHTS_noWikiID"
"248",0.427995724732536,"NEW_GRUB_STREET_noWikiID"
"249",0.384640372733741,"NEWS_FROM_NOWHERE_Q7019506"
"250",0.0477757206414661,"NIGHT_AND_MORNING_noWikiID"
"251",0.0616594855735503,"NIGHTMARE_ABBEY_Q4054406"
"252",0.343042979973045,"NO_NAME_(NOVEL)_Q7044605"
"253",0.0477757206414661,"NO_THOROUGHFARE_Q7045074"
"254",0.260923318302859,"NORTH_AND_SOUTH_(GASKELL_NOVEL)_Q1853142"
"255",0.573104135313384,"NORTHANGER_ABBEY_Q477508"
"256",0.46129393099787,"NOSTROMO_Q430248"
"257",0.0477757206414661,"NOUGHTS_&_CROSSES_noWikiID"
"258",0.0520374856859669,"ODD_MAN_OUT_noWikiID"
"259",0.049863479389024,"ODOUR_OF_CHRYSANTHEMUMS_Q7078330"
"260",0.450141038132134,"OLD_MORTALITY_Q3234969"
"261",0.910357373663103,"OLIVER_TWIST_Q164974"
"262",0.0520374856859669,"ON_THE_FACE_OF_THE_WATERS_Q59151630"
"263",0.160221548263055,"ORIGINAL_STORIES_FROM_REAL_LIFE_Q2705647"
"264",0.117501066676145,"ORLEY_FARM_(NOVEL)_Q16962094"
"265",0.818855815935781,"OROONOKO_Q2453934"
"266",0.594948283367066,"OUR_MUTUAL_FRIEND_Q1557935"
"267",0.0792421570318606,"OUR_VILLAGE_Q7111226"
"268",0.0477757206414661,"OUT_ON_THE_PAMPAS_noWikiID"
"269",0.84402409531542,"PAMELA_OR_VIRTUE_REWARDED_Q2048624"
"270",0.11291791638611,"PANDORA_noWikiID"
"271",0.127152048513252,"PATRONAGE_(NOVEL)_Q7148133"
"272",0.137472234822425,"PENDENNIS_Q7162382"
"273",0.417024677521532,"PERSUASION_(NOVEL)_Q333179"
"274",0.374053924716987,"PETER_AND_WENDY_Q3435337"
"275",0.117501066676145,"PETER_THE_WHALER_noWikiID"
"276",0.0477757206414661,"PETER'S_PENCE_noWikiID"
"277",0.137472234822425,"PHANTASTES_Q1616808"
"278",0.0477757206414661,"PHILISTIA_noWikiID"
"279",0.30372380755444,"PHINEAS_REDUX_Q7186370"
"280",0.313316107488017,"PLAIN_TALES_FROM_THE_HILLS_Q3484772"
"281",0.0477757206414661,"PLATTNER_STORY_noWikiID"
"282",0.127152048513252,"POPULAR_TALES_noWikiID"
"283",0.594948283367066,"PRIDE_AND_PREJUDICE_Q170583"
"284",0.11291791638611,"PRINCE_RICARDO_OF_PANTOUFLIA_noWikiID"
"285",0.117501066676145,"PUCK_OF_POOK'S_HILL_Q4342308"
"286",0.117501066676145,"QUENTIN_DURWARD_Q2469230"
"287",0.049863479389024,"RECOLLECTIONS_OF_A_DETECTIVE_POLICE_OFFICER_noWikiID"
"288",0.0543008598413405,"RECORDS_OF_A_GIRLHOOD_noWikiID"
"289",0.0543008598413405,"RED_POTTAGE_noWikiID"
"290",0.562068477362731,"REDGAUNTLET_Q3422871"
"291",0.154263355437284,"RINGAN_GILHAIZE_noWikiID"
"292",0.605736576985184,"ROB_ROY_Q2156104"
"293",0.0643129761992644,"ROBERT_ELSMERE_Q7344052"
"294",0.122244604531682,"ROBERT_FALCONER_noWikiID"
"295",0.930072496067797,"ROBINSON_CRUSOE_Q483034"
"296",0.11291791638611,"ROMOLA_Q7363279"
"297",0.049863479389024,"ROOKWOOD_(NOVEL)_Q7366231"
"298",0.68764997588443,"ROXANA_Q3825485"
"299",0.0477757206414661,"RUJUB_THE_JUGGLER_noWikiID"
"300",0.212324186920024,"RUTH_Q80038"
"301",0.11291791638611,"SAINT_RONAN'S_WELL_Q3232270"
"302",0.0566567958260902,"SALEM_CHAPEL_noWikiID"
"303",0.049863479389024,"SANDERS_OF_THE_RIVER_noWikiID"
"304",0.323070787610778,"SANDITON_Q3180417"
"305",0.605736576985184,"SARTOR_RESARTUS_Q1134140"
"306",0.384640372733741,"SCENES_OF_CLERICAL_LIFE_Q6544172"
"307",0.117501066676145,"SECRESY_noWikiID"
"308",0.0699415703280632,"SELF-CONTROL_(NOVEL)_Q3478102"
"309",0.339096257423352,"SENSE_AND_SENSIBILITY_Q274744"
"310",0.11291791638611,"SENTIMENTAL_TOMMY_noWikiID"
"311",0.0477757206414661,"SEVEN_LITTLE_AUSTRALIANS_Q7457323"
"312",0.23024672621441,"SHE_A_HISTORY_OF_ADVENTURE_Q640513"
"313",0.528634267866976,"SHIRLEY_(NOVEL)_Q615175"
"314",0.427995724732536,"SILAS_MARNER_Q638327"
"315",0.0477757206414661,"SING_A_SONG_OF_SIXPENCE_noWikiID"
"316",0.11291791638611,"SIR_GIBBIE_noWikiID"
"317",0.11291791638611,"SIR_NIGEL_Q1963997"
"318",0.11291791638611,"SKETCHES_BY_BOZ_Q2609480"
"319",0.0477757206414661,"SOME_EXPERIENCES_OF_AN_IRISH_R.M._noWikiID"
"320",0.0477757206414661,"SON_OF_MARS_noWikiID"
"321",0.190637850864638,"SONS_AND_LOVERS_Q80771"
"322",0.0477757206414661,"SPIES_OF_THE_KAISER_noWikiID"
"323",0.11291791638611,"ST_IVES_Q4675044"
"324",0.137472234822425,"ST_LEON_Q7589523"
"325",0.049863479389024,"ST_MARTIN'S_EVE_noWikiID"
"326",0.30372380755444,"STALKY_&_CO._Q4439259"
"327",0.0543008598413405,"STELLA_MARIS_noWikiID"
"328",0.049863479389024,"STORIES_OF_RED_HANRAHAN_noWikiID"
"329",0.11291791638611,"SUNRISE_noWikiID"
"330",0.117501066676145,"SUSPIRIA_DE_PROFUNDIS_Q3978307"
"331",0.450141038132134,"SYBIL_Q3506752"
"332",0.146710915746886,"SYLVIAS_LOVERS_Q14566477"
"333",0.11291791638611,"SYLVIE_AND_BRUNO_Q1632505"
"334",0.11291791638611,"TALE_OF_TWO_BAD_MICE_noWikiID"
"335",0.0591085593605752,"TALES_FROM_SHAKESPEARE_Q589197"
"336",0.122244604531682,"TALES_OF_FASHIONABLE_LIFE_noWikiID"
"337",0.0520374856859669,"TALES_OF_MEAN_STREETS_noWikiID"
"338",0.137472234822425,"TALES_OF_UNREST_noWikiID"
"339",0.137472234822425,"TANCRED_(NOVEL)_Q7682378"
"340",0.616422785736394,"TESS_OF_THE_D'URBERVILLES_Q649409"
"341",0.122244604531682,"THE_ABBOT_Q2717772"
"342",0.263655687664613,"THE_ABSENTEE_Q7712149"
"343",0.11291791638611,"THE_ADVENTURES_OF_A_BROWNIE_noWikiID"
"344",0.049863479389024,"THE_ADVENTURES_OF_ANTHONY_VARNISH_noWikiID"
"345",0.0566567958260902,"THE_ADVENTURES_OF_DAVID_SIMPLE_noWikiID"
"346",0.049863479389024,"THE_ADVENTURES_OF_HAJJI_BABA_noWikiID"
"347",0.11291791638611,"THE_ADVENTURES_OF_HUGH_TREVOR_noWikiID"
"348",0.0520374856859669,"THE_ADVENTURES_OF_PEREGRINE_PICKLE_Q7712607"
"349",0.0477757206414661,"THE_ADVENTURES_OF_RIVELLA_Q85806338"
"350",0.146710915746886,"THE_ADVENTURES_OF_RODERICK_RANDOM_Q7712626"
"351",0.363586690277014,"THE_ADVENTURES_OF_SHERLOCK_HOLMES_Q392147"
"352",0.11291791638611,"THE_ALTAR_OF_THE_DEAD_Q7713242"
"353",0.353247063375283,"THE_AMBASSADORS_Q650571"
"354",0.285047546124646,"THE_AMERICAN_Q3080503"
"355",0.127152048513252,"THE_ANTI-PAMELA_Q7713932"
"356",0.323070787610778,"THE_ANTIQUARY_Q1157183"
"357",0.285047546124646,"THE_ASPERN_PAPERS_Q2362409"
"358",0.141170686071351,"THE_AUTOBIOGRAPHY_OF_MARK_RUTHERFORD_noWikiID"
"359",0.11291791638611,"THE_AWKWARD_AGE_noWikiID"
"360",0.11291791638611,"THE_AYRSHIRE_LEGATEES_noWikiID"
"361",0.0520374856859669,"THE_BATTLE_OF_DORKING_Q7715857"
"362",0.132226821715085,"THE_BATTLE_OF_THE_BOOKS_Q7715895"
"363",0.148487553986026,"THE_BEACH_OF_FALESA_Q7715970"
"364",0.122244604531682,"THE_BEETLE_(NOVEL)_Q7716299"
"365",0.0643129761992644,"THE_BETH_BOOK_noWikiID"
"366",0.11291791638611,"THE_BICKERSTAFF_PAPERS_noWikiID"
"367",0.11291791638611,"THE_BLACK_ARROW_noWikiID"
"368",0.132226821715085,"THE_BLACK_DWARF_noWikiID"
"369",0.0670724962784257,"THE_BLACK_PROPHET_noWikiID"
"370",0.11291791638611,"THE_BODY-SNATCHER_noWikiID"
"371",0.0477757206414661,"THE_BOOK_OF_WONDER_Q7719322"
"372",0.384640372733741,"THE_BRIDE_OF_LAMMERMOOR_Q2659725"
"373",0.0477757206414661,"THE_BRITISH_BARBARIANS_noWikiID"
"374",0.148487553986026,"THE_BROWNIE_OF_BODSBECK_Q96408508"
"375",0.117501066676145,"THE_CANTERVILLE_GHOST_Q288020"
"376",0.0477757206414661,"THE_CARVED_LIONS_Q7721468"
"377",0.913959841960442,"THE_CASTLE_OF_OTRANTO_Q548576"
"378",0.049863479389024,"THE_CASTLE_OF_WOLFENBACH_Q3520218"
"379",0.049863479389024,"THE_CASTLES_OF_ATHLIN_AND_DUNBAYNE_Q7721600"
"380",0.0477757206414661,"THE_CAXTONS_Q16385244"
"381",0.049863479389024,"THE_CHANGELING_noWikiID"
"382",0.0477757206414661,"THE_CHANNINGS_(NOVEL)_Q7722115"
"383",0.0729237779448048,"THE_CHILDREN_OF_THE_ABBEY_Q7722505"
"384",0.049863479389024,"THE_CHILDREN_OF_THE_NEW_FOREST_Q7722508"
"385",0.11291791638611,"THE_CHIMES_Q3828573"
"386",0.137472234822425,"THE_CLAYHANGER_noWikiID"
"387",0.0477757206414661,"THE_CLEVER_WOMAN_OF_THE_FAMILY_noWikiID"
"388",0.0543008598413405,"THE_CLOISTER_AND_THE_HEARTH_Q7723455"
"389",0.0477757206414661,"THE_COMING_OF_CUCULAIN_noWikiID"
"390",0.049863479389024,"THE_CONFESSIONS_OF_HARRY_LORREQUER_noWikiID"
"391",0.11291791638611,"THE_CONSOLIDATOR_Q60753482"
"392",0.154263355437284,"THE_COUNTRY_OF_THE_BLIND_Q823691"
"393",0.11291791638611,"THE_CRICKET_ON_THE_HEARTH_Q825220"
"394",0.0591085593605752,"THE_CROCK_OF_GOLD_(NOVEL)_Q7728134"
"395",0.049863479389024,"THE_CROWN_OF_SUCCESS_noWikiID"
"396",0.0477757206414661,"THE_DARK_FLOWER_noWikiID"
"397",0.0477757206414661,"THE_DAYS_OF_AULD_LANGSYNE_noWikiID"
"398",0.30372380755444,"THE_DEAD_SECRET_Q16934313"
"399",0.0477757206414661,"THE_DEMI-GODS_noWikiID"
"400",0.164415364683147,"THE_DIARY_OF_A_NOBODY_Q864150"
"401",0.204901193890185,"THE_DOCTOR'S_WIFE_(MOORE_NOVEL)_Q7730467"
"402",0.294299317623214,"THE_DUKE'S_CHILDREN_Q7731161"
"403",0.0543008598413405,"THE_DYNAMITER_noWikiID"
"404",0.0477757206414661,"THE_EBB-TIDE_Q4674957"
"405",0.122244604531682,"THE_EGOIST_(NOVEL)_Q7731638"
"406",0.0477757206414661,"THE_EMIGRANTS_OF_AHADARRA_noWikiID"
"407",0.0477757206414661,"THE_ENCHANTED_CASTLE_Q2920166"
"408",0.148487553986026,"THE_ENTAIL_noWikiID"
"409",0.294299317623214,"THE_EUSTACE_DIAMONDS_Q7732627"
"410",0.11291791638611,"THE_EVIL_GUEST_noWikiID"
"411",0.0477757206414661,"THE_EXECUTOR_noWikiID"
"412",0.335938753528388,"THE_EXPEDITION_OF_HUMPHRY_CLINKER_Q3203413"
"413",0.049863479389024,"THE_EXPERIENCES_OF_LOVEDAY_BROOKE,_LADY_DETECTIVE_noWikiID"
"414",0.122244604531682,"THE_FAIR_JILT_Q18393398"
"415",0.11291791638611,"THE_FAIR_MAID_OF_PERTH_Q3209885"
"416",0.0543008598413405,"THE_FAIRCHILD_FAMILY_noWikiID"
"417",0.11291791638611,"THE_FALLEN_LEAVES_(BOOK)_Q85807134"
"418",0.0520374856859669,"THE_FATHER_AND_DAUGHTER_Q65052285"
"419",0.27863497027921,"THE_FEMALE_QUIXOTE_Q1404172"
"420",0.11291791638611,"THE_FIDDLER_OF_THE_REELS_Q2288667"
"421",0.11291791638611,"THE_FIGURE_IN_THE_CARPET_Q3224800"
"422",0.30372380755444,"THE_FIRST_MEN_IN_THE_MOON_Q1218232"
"423",0.11291791638611,"THE_FIXED_PERIOD_Q7734312"
"424",0.0520374856859669,"THE_FOOD_OF_THE_GODS_AND_HOW_IT_CAME_TO_EARTH_Q1215802"
"425",0.0792421570318606,"THE_FOOL_OF_QUALITY_Q7734703"
"426",0.158330619297716,"THE_FORSYTE_SAGA_Q735319"
"427",0.117501066676145,"THE_FORTUNES_OF_NIGEL_Q3230799"
"428",0.117501066676145,"THE_FROZEN_DEEP_Q7735382"
"429",0.049863479389024,"THE_GENTLEMAN_noWikiID"
"430",0.11291791638611,"THE_GOLDEN_AGE_noWikiID"
"431",0.323070787610778,"THE_GOLDEN_BOWL_Q1248585"
"432",0.0477757206414661,"THE_GORILLA_HUNTERS_Q17015740"
"433",0.076022748805838,"THE_GOVERNESS;_OR,_THE_LITTLE_FEMALE_ACADEMY_Q7737400"
"434",0.137472234822425,"THE_GREAT_GOD_PAN_Q1394704"
"435",0.0477757206414661,"THE_GREAT_TABOO_noWikiID"
"436",0.0477757206414661,"THE_GREAT_WAR_IN_ENGLAND_IN_1897_Q7737983"
"437",0.049863479389024,"THE_GREEN_CARNATION_Q7738140"
"438",0.11291791638611,"THE_GRIM_SMILE_OF_THE_FIVE_TOWNS_Q24255934"
"439",0.142891468333576,"THE_HAPPY_PRINCE_AND_OTHER_TALES_Q797466"
"440",0.11291791638611,"THE_HAUNTED_HOUSE_Q6073289"
"441",0.127152048513252,"THE_HAUNTED_MAN_AND_THE_GHOST'S_BARGAIN_Q3795070"
"442",0.395337204568379,"THE_HEART_OF_MIDLOTHIAN_Q2091094"
"443",0.109783051426266,"THE_HEAVENLY_TWINS_noWikiID"
"444",0.0591085593605752,"THE_HEIR_OF_REDCLYFFE_Q7739314"
"445",0.0477757206414661,"THE_HERO_noWikiID"
"446",0.0520374856859669,"THE_HEROINE_noWikiID"
"447",0.0477757206414661,"THE_HILL_noWikiID"
"448",0.117501066676145,"THE_HILL_OF_DREAMS_Q1394147"
"449",0.11291791638611,"THE_HISTORY_AND_REMARKABLE_LIFE_OF_THE_TRULY_HONOURABLE_COL_noWikiID"
"450",0.0591085593605752,"THE_HISTORY_OF_EMILY_MONTAGUE_Q42191035"
"451",0.0591085593605752,"THE_HISTORY_OF_JACK_CONNOR_noWikiID"
"452",0.0896602762528474,"THE_HISTORY_OF_LITTLE_GOODY_TWO-SHOES_Q12060236"
"453",0.127152048513252,"THE_HISTORY_OF_MISS_BETSY_THOUGHTLESS_noWikiID"
"454",0.0520374856859669,"THE_HISTORY_OF_MR_POLLY_Q2507552"
"455",0.668015506032498,"THE_HISTORY_OF_RASSELAS,_PRINCE_OF_ABYSSINIA_Q3419875"
"456",0.127152048513252,"THE_HISTORY_OF_SANDFORD_AND_MERTON_Q7739806"
"457",0.117501066676145,"THE_HISTORY_OF_SIR_CHARLES_GRANDISON_Q3521260"
"458",0.0543008598413405,"THE_HISTORY_OF_THE_COUNTESS_OF_DELLWYN_Q19902681"
"459",0.0520374856859669,"THE_HISTORY_OF_THE_FAIRCHILD_FAMILY_Q7739822"
"460",0.11291791638611,"THE_HISTORY_OF_THE_NUN_Q7739821"
"461",0.417024677521532,"THE_HISTORY_OF_TOM_JONES,_A_FOUNDLING_Q248096"
"462",0.0477757206414661,"THE_HORRORS_OF_OAKENDALE_ABBEY_Q7740333"
"463",0.353247063375283,"THE_HOUND_OF_THE_BASKERVILLES_Q45192"
"464",0.122244604531682,"THE_HOUSE_BY_THE_CHURCHYARD_Q4165605"
"465",0.117501066676145,"THE_HOUSE_ON_THE_BORDERLAND_Q740473"
"466",0.0477757206414661,"THE_HOUSE_WITH_THE_GREEN_SHUTTERS_Q7740720"
"467",0.049863479389024,"THE_INHERITORS_(CONRAD_AND_FORD_NOVEL)_Q7742035"
"468",0.132226821715085,"THE_INTERESTING_NARRATIVE_OF_THE_LIFE_OF_OLAUDAH_EQUIANO_Q7742270"
"469",0.0566567958260902,"THE_INTERPRETERS_noWikiID"
"470",0.164415364683147,"THE_INVISIBLE_MAN_Q1539509"
"471",0.243956771125803,"THE_ISLAND_OF_DOCTOR_MOREAU_Q718268"
"472",0.204901193890185,"THE_ITALIAN_(RADCLIFFE_NOVEL)_Q3204370"
"473",0.11291791638611,"THE_JOLLY_CORNER_Q15240001"
"474",0.374053924716987,"THE_JUNGLE_BOOK_Q189509"
"475",0.11291791638611,"THE_KELLYS_AND_THE_O'KELLYS_Q7744082"
"476",0.11291791638611,"THE_KING_AND_QUEEN_OF_HEARTS_noWikiID"
"477",0.122244604531682,"THE_KING_OF_THE_GOLDEN_RIVER_Q14476439"
"478",0.117501066676145,"THE_KING_OF_THE_PIRATES_noWikiID"
"479",0.0543008598413405,"THE_KING'S_OWN_noWikiID"
"480",0.0477757206414661,"THE_LANCASHIRE_WITCHES_Q7745322"
"481",0.11291791638611,"THE_LAND_IRONCLADS_Q7745355"
"482",0.122244604531682,"THE_LANDLEAGUERS_noWikiID"
"483",0.0591085593605752,"THE_LAST_DAYS_OF_POMPEII_Q1218985"
"484",0.235758887377866,"THE_LAST_MAN_noWikiID"
"485",0.395337204568379,"THE_LAW_AND_THE_LADY_(NOVEL)_Q3480742"
"486",0.733799591996489,"THE_LIFE_AND_OPINIONS_OF_TRISTRAM_SHANDY_GENTLEMAN_Q1164083"
"487",0.0477757206414661,"THE_LIFE_OF_HARRIOT_STUART_noWikiID"
"488",0.0566567958260902,"THE_LIFE_OF_JOHN_BUNCLE_noWikiID"
"489",0.132226821715085,"THE_LIFTED_VEIL_(NOVELLA)_Q6763446"
"490",0.11291791638611,"THE_LIGHT_PRINCESS_noWikiID"
"491",0.049863479389024,"THE_LIGHTHOUSE_noWikiID"
"492",0.11291791638611,"THE_LITTLE_LAME_PRINCE_AND_HIS_TRAVELLING_CLOAK_Q7747642"
"493",0.11291791638611,"THE_LITTLE_MINISTER_noWikiID"
"494",0.11291791638611,"THE_LONGEST_JOURNEY_Q15999894"
"495",0.0477757206414661,"THE_LOUGH_DERG_PILGRIM_noWikiID"
"496",0.285047546124646,"THE_LUCK_OF_BARRY_LYNDON_Q2124771"
"497",0.11291791638611,"THE_MACDERMOTS_OF_BALLYCORAN_noWikiID"
"498",0.127152048513252,"THE_MAN_noWikiID"
"499",0.616422785736394,"THE_MAN_OF_FEELING_Q7750109"
"500",0.0477757206414661,"THE_MAN_WHO_COULD_WORK_MIRACLES_(SHORT_STORY)_Q7749926"
"501",0.0477757206414661,"THE_MAN_WHO_WAS_THURSDAY_Q959816"
"502",0.294299317623214,"THE_MAN_WHO_WOULD_BE_KING_Q1129936"
"503",0.0477757206414661,"THE_MANXMAN_noWikiID"
"504",0.11291791638611,"THE_MARTIAN_noWikiID"
"505",0.148487553986026,"THE_MASTER_OF_BALLANTRAE_Q2615930"
"506",0.332981899154278,"THE_MAYOR_OF_CASTERBRIDGE_Q2343169"
"507",0.154263355437284,"THE_MEMOIRS_OF_MISS_SIDNEY_BIDULPH_Q124661412"
"508",0.0477757206414661,"THE_MERCENARY_LOVER_noWikiID"
"509",0.7830931596165,"THE_MILL_ON_THE_FLOSS_Q1215018"
"510",0.11291791638611,"THE_MIRROR_OF_THE_SEA_noWikiID"
"511",0.049863479389024,"THE_MISFORTUNES_OF_ELPHIN_Q7751712"
"512",0.122244604531682,"THE_MONASTERY_Q3224650"
"513",0.398516949286156,"THE_MONK_Q2659564"
"514",0.724924183340321,"THE_MOONSTONE_Q2362563"
"515",0.11291791638611,"THE_MUDFOG_PAPERS_Q7752595"
"516",0.11291791638611,"THE_MUMMER'S_WIFE_Q42186018"
"517",0.11291791638611,"THE_MURDERED_COUSIN_noWikiID"
"518",0.0825857148766979,"THE_MYSTERIES_OF_LONDON_Q7752831"
"519",0.520733070723992,"THE_MYSTERIES_OF_UDOLPHO_Q2600909"
"520",0.0477757206414661,"THE_MYSTERY_OF_A_HANSOM_CAB_noWikiID"
"521",0.285047546124646,"THE_MYSTERY_OF_EDWIN_DROOD_Q1168105"
"522",0.332981899154278,"THE_NETHER_WORLD_Q7753436"
"523",0.117501066676145,"THE_NEW_ACCELERATOR_Q7753474"
"524",0.049863479389024,"THE_NEW_MACHIAVELLI_Q10381652"
"525",0.117501066676145,"THE_NEW_MAGDALEN_noWikiID"
"526",0.0477757206414661,"THE_NEW_ROAD_noWikiID"
"527",0.122244604531682,"THE_NEWCOMES_Q3522018"
"528",0.148487553986026,"THE_NIGGER_OF_THE_NARCISSUS_Q478537"
"529",0.0477757206414661,"THE_NOTTING_HILL_MYSTERY_Q7754437"
"530",0.323070787610778,"THE_ODD_WOMEN_Q7754692"
"531",0.0477757206414661,"THE_O'DONOGHUE_noWikiID"
"532",0.46129393099787,"THE_OLD_CURIOSITY_SHOP_Q2700616"
"533",0.27863497027921,"THE_OLD_ENGLISH_BARON_Q3796165"
"534",0.160221548263055,"THE_OLD_MANOR_HOUSE_Q96409526"
"535",0.127152048513252,"THE_OLD_WIVES'_TALE_noWikiID"
"536",0.122244604531682,"THE_ORDEAL_OF_RICHARD_FEVEREL_Q14476502"
"537",0.0477757206414661,"THE_OUTCAST_noWikiID"
"538",0.117501066676145,"THE_PARASITE_Q5295669"
"539",0.137472234822425,"THE_PARENT'S_ASSISTANT_Q3522169"
"540",0.11291791638611,"THE_PERILS_OF_CERTAIN_ENGLISH_PRISONERS_noWikiID"
"541",0.049863479389024,"THE_PHANTOM_COACH_noWikiID"
"542",0.049863479389024,"THE_PHOENIX_AND_THE_CARPET_Q3795974"
"543",0.724924183340321,"THE_PICKWICK_PAPERS_Q460583"
"544",0.605736576985184,"THE_PICTURE_OF_DORIAN_GRAY_Q82464"
"545",0.127152048513252,"THE_PIRATE_(NOVEL)_Q3225628"
"546",0.11291791638611,"THE_POINT_OF_VIEW_noWikiID"
"547",0.30372380755444,"THE_PORTRAIT_OF_A_LADY_Q861017"
"548",0.122244604531682,"THE_PORTRAIT_OF_MR._W._H._noWikiID"
"549",0.294299317623214,"THE_PRIME_MINISTER_noWikiID"
"550",0.11291791638611,"THE_PRINCESS_AND_THE_GOBLIN_Q466505"
"551",0.122244604531682,"THE_PRINCESS_CASAMASSIMA_Q3211932"
"552",0.733799591996489,"THE_PRIVATE_MEMOIRS_AND_CONFESSIONS_OF_A_JUSTIFIED_SINNER_Q2992437"
"553",0.117501066676145,"THE_PRIVATE_PAPERS_OF_HENRY_RYECROFT_Q17027661"
"554",0.30372380755444,"THE_PROFESSOR_(NOVEL)_Q762203"
"555",0.11291791638611,"THE_PROVOST_noWikiID"
"556",0.11291791638611,"THE_PURCELL_PAPERS_Q7758781"
"557",0.0477757206414661,"THE_QUADROON_noWikiID"
"558",0.0477757206414661,"THE_QUIET_HEART_noWikiID"
"559",0.141170686071351,"THE_RAGGED-TROUSERED_PHILANTHROPISTS_Q7759270"
"560",0.0670724962784257,"THE_REAL_CHARLOTTE_noWikiID"
"561",0.11291791638611,"THE_RECOLLECTIONS_OF_GEOFFREY_HAMLYN_Q121356927"
"562",0.049863479389024,"THE_REFORM'D_COQUET_Q7760024"
"563",0.363586690277014,"THE_RETURN_OF_THE_NATIVE_Q141568"
"564",0.049863479389024,"THE_REVOLUTION_IN_TANNER'S_LANE_noWikiID"
"565",0.158330619297716,"THE_RIDDLE_OF_THE_SANDS_Q1170204"
"566",0.0543008598413405,"THE_ROMANCE_OF_A_SHOP_Q17019147"
"567",0.17068652890912,"THE_ROMANCE_OF_THE_FOREST_Q3406503"
"568",0.0477757206414661,"THE_ROMANY_RYE_Q7761435"
"569",0.049863479389024,"THE_ROSARY_noWikiID"
"570",0.127152048513252,"THE_ROSE_AND_THE_RING_Q7761552"
"571",0.132226821715085,"THE_SCOTTISH_CHIEFS_noWikiID"
"572",0.0477757206414661,"THE_SEAFARER_noWikiID"
"573",0.117501066676145,"THE_SECOND_JUNGLE_BOOK_Q1101819"
"574",0.384640372733741,"THE_SECRET_AGENT_Q1247666"
"575",0.353247063375283,"THE_SECRET_GARDEN_Q472194"
"576",0.0520374856859669,"THE_SECRET_ROSE_noWikiID"
"577",0.122244604531682,"THE_SECRET_SHARER_noWikiID"
"578",0.0477757206414661,"THE_SETTLERS_IN_CANADA_Q7763415"
"579",0.0477757206414661,"THE_SHADOW_OF_A_CRIME_1885_noWikiID"
"580",0.0520374856859669,"THE_SHADOW_OF_ASHLYDYAT_noWikiID"
"581",0.127152048513252,"THE_SIGNAL-MAN_Q1002362"
"582",0.11291791638611,"THE_SILVERADO_SQUATTERS_noWikiID"
"583",0.0566567958260902,"THE_SLEEPER_AWAKES_Q650949"
"584",0.294299317623214,"THE_SMALL_HOUSE_AT_ALLINGTON_Q7764868"
"585",0.0566567958260902,"THE_SORROWS_OF_SATAN_Q13424700"
"586",0.285047546124646,"THE_SPOILS_OF_POYNTON_Q3809486"
"587",0.0477757206414661,"THE_STICKIT_MINISTER_noWikiID"
"588",0.049863479389024,"THE_STORY_OF_A_MODERN_WOMAN_Q7766819"
"589",0.117501066676145,"THE_STORY_OF_MY_HEART_Q7766776"
"590",0.049863479389024,"THE_STORY_OF_THE_AMULET_Q7766831"
"591",0.0477757206414661,"THE_STORY_OF_THE_TREASURE_SEEKERS_Q7766848"
"592",0.0477757206414661,"THE_STRING_OF_PEARLS_Q7767037"
"593",0.11291791638611,"THE_TAILOR_OF_GLOUCESTER_noWikiID"
"594",0.11291791638611,"THE_TALE_OF_MR_JEREMY_FISHER_noWikiID"
"595",0.137472234822425,"THE_TALE_OF_PETER_RABBIT_Q580463"
"596",0.132226821715085,"THE_TALISMAN_(SCOTT_NOVEL)_Q952340"
"597",0.197672587097148,"THE_TENANT_OF_WILDFELL_HALL_Q44701"
"598",0.11291791638611,"THE_TENANTS_OF_MALORY_noWikiID"
"599",0.0477757206414661,"THE_THORN_IN_THE_FLESH_noWikiID"
"600",0.0477757206414661,"THE_THREE_BROTHERS_noWikiID"
"601",0.11291791638611,"THE_THREE_MIDSHIPMEN_noWikiID"
"602",0.142891468333576,"THE_THREE_PERILS_OF_MAN_Q96409659"
"603",0.838012426793004,"THE_TIME_MACHINE_Q627333"
"604",0.0477757206414661,"THE_TITHE_PROCTOR_noWikiID"
"605",0.0477757206414661,"THE_TOWER_OF_LONDON_(NOVEL)_Q2414713"
"606",0.0477757206414661,"THE_TRAIL_OF_THE_SERPENT_Q24971199"
"607",0.049863479389024,"THE_TRIUMPH_OF_PRUDENCE_OVER_PASSION_noWikiID"
"608",0.0477757206414661,"THE_TRUMPET_noWikiID"
"609",0.427995724732536,"THE_TURN_OF_THE_SCREW_Q625923"
"610",0.117501066676145,"THE_UNCLASSED_Q7771311"
"611",0.172694745758032,"THE_UNTILLED_FIELD_noWikiID"
"612",0.313316107488017,"THE_VAMPYRE_Q509070"
"613",0.332981899154278,"THE_VICAR_OF_WAKEFIELD_Q1196205"
"614",0.11291791638611,"THE_VICAR_OF_WREXHILL_noWikiID"
"615",0.0477757206414661,"THE_VILLAGE_IN_THE_JUNGLE_Q19902832"
"616",0.323070787610778,"THE_VIRGINIANS_Q7772832"
"617",0.049863479389024,"THE_WAR_IN_THE_AIR_Q964055"
"618",0.294299317623214,"THE_WARDEN_Q3818437"
"619",0.417024677521532,"THE_WATER-BABIES_A_FAIRY_TALE_FOR_A_LAND_BABY_Q14914646"
"620",0.0860571657090285,"THE_WAY_OF_ALL_FLESH_Q255074"
"621",0.16636459934805,"THE_WAY_WE_LIVE_NOW_Q7773866"
"622",0.11291791638611,"THE_WELL_AT_THE_WORLD'S_END_Q2384134"
"623",0.137472234822425,"THE_WELL-BELOVED_Q2906193"
"624",0.11291791638611,"THE_WHIRLPOOL_noWikiID"
"625",0.11291791638611,"THE_WHITE_COMPANY_noWikiID"
"626",0.049863479389024,"THE_WHITE_PEACOCK_Q7774542"
"627",0.0520374856859669,"THE_WHITE_ROOM_noWikiID"
"628",0.117501066676145,"THE_WIDOW_BARNABY_noWikiID"
"629",0.619558723877394,"THE_WILD_IRISH_GIRL_Q7774872"
"630",0.384640372733741,"THE_WIND_IN_THE_WILLOWS_Q936276"
"631",0.285047546124646,"THE_WINGS_OF_A_DOVE_Q1557588"
"632",0.964677124546833,"THE_WOMAN_IN_WHITE_(NOVEL)_Q1212672"
"633",0.332981899154278,"THE_WOODLANDERS_Q2254480"
"634",0.049863479389024,"THE_WORLD_SET_FREE_Q5051290"
"635",0.0477757206414661,"THE_WOULDBEGOODS_noWikiID"
"636",0.0477757206414661,"THE_WRECKER_Q2753955"
"637",0.0477757206414661,"THE_YOUNG_BUGLERS_noWikiID"
"638",0.11291791638611,"THE_YOUNG_DUKE_Q45028402"
"639",0.0477757206414661,"THE_YOUNG_FUR_TRADERS_noWikiID"
"640",0.0520374856859669,"THREE_WEEKS_noWikiID"
"641",0.313316107488017,"THROUGH_THE_LOOKING-GLASS_Q220331"
"642",0.127152048513252,"THYRZA_noWikiID"
"643",0.0477757206414661,"TIME_AND_THE_GODS_Q7805268"
"644",0.384640372733741,"TOM_BROWN'S_SCHOOL_DAYS_Q7815084"
"645",0.122244604531682,"TOMMY_AND_GRIZEL_Q124090899"
"646",0.097276608150085,"TONO-BUNGAY_Q1535422"
"647",0.483705206701587,"TREASURE_ISLAND_Q185118"
"648",0.313316107488017,"TRILBY_(NOVEL)_Q1691967"
"649",0.0477757206414661,"TWO_LITTLE_SAVAGES_noWikiID"
"650",0.11291791638611,"TWO_ON_A_TOWER_Q7859431"
"651",0.285047546124646,"TYPHOON_Q1329329"
"652",0.11291791638611,"UNCLE_SILAS_Q3835925"
"653",0.30372380755444,"UNDER_THE_GREENWOOD_TREE_Q2251594"
"654",0.353247063375283,"UNDER_WESTERN_EYES_(NOVEL)_Q3685905"
"655",0.0477757206414661,"UNKNOWN_TO_HISTORY_noWikiID"
"656",0.0477757206414661,"VALPERGA_noWikiID"
"657",0.812090070563247,"VANITY_FAIR_(NOVEL)_Q612836"
"658",0.0477757206414661,"VARNEY_THE_VAMPIRE_Q1987925"
"659",0.353247063375283,"VATHEK_Q54548"
"660",0.0477757206414661,"VERTUE_REWARDED_Q104811485"
"661",0.733799591996489,"VILLETTE_(NOVEL)_Q2449570"
"662",0.11291791638611,"VIVIAN_GREY_Q7937713"
"663",0.0591085593605752,"VRIL_Q510699"
"664",0.999388623975874,"WAVERLEY_Q678251"
"665",0.049863479389024,"WAYFARERS_noWikiID"
"666",0.11291791638611,"WEIR_OF_HERMISTON_Q1213386"
"667",0.122244604531682,"WESTWARD_HO_noWikiID"
"668",0.0477757206414661,"WET_MAGIC_noWikiID"
"669",0.323070787610778,"WHAT_MAISIE_KNEW_Q2943614"
"670",0.0477757206414661,"WILD_ANIMALS_I_HAVE_KNOWN_Q8000500"
"671",0.11291791638611,"WILLING_TO_DIE_noWikiID"
"672",0.0543008598413405,"WINTER_EVENING_TALES_Q96415343"
"673",0.122244604531682,"WITH_THE_NIGHT_MAIL_noWikiID"
"674",0.152429981210903,"WIVES_AND_DAUGHTERS_Q2453239"
"675",0.84402409531542,"WUTHERING_HEIGHTS_Q202975"
"676",0.117501066676145,"YEAST_noWikiID"
"677",0.127152048513252,"ZASTROZZI_Q8067086"
"678",0.0477757206414661,"ZOE_noWikiID"
"679",0.049863479389024,"ZULEIKA_DOBSON_Q8075113"
